{
  "loss": 0.06480669230222702,
  "accuracy": 0.9833950996398926,
  "precision": 0.9857834577560425,
  "recall": 0.9974308609962463,
  "binary_io_u": 0.6318268179893494
}